Date,High,Low,Open,Close,Volume,Adj Close
2018-07-09,17.0,16.0,16.600000381469727,16.799999237060547,462182642,16.799999237060547
2018-07-10,19.34000015258789,17.0,17.0,19.0,534072218,19.0
2018-07-11,19.799999237060547,18.299999237060547,18.5,19.0,374721138,19.0
2018-07-12,19.700000762939453,19.020000457763672,19.399999618530273,19.260000228881836,132592630,19.260000228881836
2018-07-13,21.799999237060547,19.520000457763672,19.600000381469727,21.450000762939453,364065075,21.450000762939453
2018-07-16,21.299999237060547,19.399999618530273,19.940000534057617,21.049999237060547,211621432,21.049999237060547
2018-07-17,21.700000762939453,20.549999237060547,21.450000762939453,20.899999618530273,97690237,20.899999618530273
2018-07-18,22.200000762939453,21.399999618530273,21.399999618530273,21.549999237060547,142583771,21.549999237060547
2018-07-19,21.899999618530273,19.81999969482422,21.700000762939453,20.100000381469727,153563433,20.100000381469727
2018-07-20,20.450000762939453,19.5,20.100000381469727,19.8799991607666,111713800,19.8799991607666
2018-07-23,19.979999542236328,19.0,19.8799991607666,19.020000457763672,82544900,19.020000457763672
2018-07-24,19.700000762939453,18.200000762939453,19.100000381469727,18.239999771118164,113828488,18.239999771118164
2018-07-25,18.8799991607666,18.18000030517578,18.559999465942383,18.579999923706055,72027810,18.579999923706055
2018-07-26,18.84000015258789,18.1200008392334,18.799999237060547,18.299999237060547,40951672,18.299999237060547
2018-07-27,19.1200008392334,18.299999237060547,18.31999969482422,19.040000915527344,68204685,19.040000915527344
2018-07-30,18.920000076293945,18.31999969482422,18.860000610351562,18.68000030517578,43124305,18.68000030517578
2018-07-31,18.479999542236328,17.420000076293945,18.420000076293945,17.600000381469727,100190678,17.600000381469727
2018-08-01,18.260000228881836,17.559999465942383,17.940000534057617,17.860000610351562,42088808,17.860000610351562
2018-08-02,18.139999389648438,16.959999084472656,18.0,17.260000228881836,80125110,17.260000228881836
2018-08-03,17.68000030517578,16.899999618530273,17.31999969482422,17.0,47386901,17.0
2018-08-06,17.68000030517578,17.100000381469727,17.200000762939453,17.219999313354492,39896098,17.219999313354492
2018-08-07,17.6200008392334,17.219999313354492,17.299999237060547,17.420000076293945,29000537,17.420000076293945
2018-08-08,17.6200008392334,17.020000457763672,17.5,17.139999389648438,37947677,17.139999389648438
2018-08-09,18.600000381469727,17.260000228881836,17.399999618530273,18.079999923706055,109541974,18.079999923706055
2018-08-10,18.600000381469727,18.0,18.299999237060547,18.15999984741211,54535948,18.15999984741211
2018-08-13,18.059999465942383,17.239999771118164,17.979999542236328,17.440000534057617,49053111,17.440000534057617
2018-08-14,17.600000381469727,17.0,17.600000381469727,17.15999984741211,51105928,17.15999984741211
2018-08-15,17.34000015258789,16.219999313354492,17.280000686645508,16.299999237060547,79753065,16.299999237060547
2018-08-16,16.600000381469727,15.520000457763672,16.15999984741211,16.239999771118164,60546391,16.239999771118164
2018-08-17,16.739999771118164,16.260000228881836,16.600000381469727,16.360000610351562,26655983,16.360000610351562
2018-08-20,16.68000030517578,16.280000686645508,16.600000381469727,16.459999084472656,34082872,16.459999084472656
2018-08-21,17.440000534057617,16.559999465942383,16.799999237060547,17.399999618530273,75830829,17.399999618530273
2018-08-22,17.780000686645508,17.079999923706055,17.780000686645508,17.68000030517578,47002451,17.68000030517578
2018-08-23,18.959999084472656,17.440000534057617,18.219999313354492,17.440000534057617,115613435,17.440000534057617
2018-08-24,17.34000015258789,16.920000076293945,17.200000762939453,17.040000915527344,38150978,17.040000915527344
2018-08-27,17.479999542236328,17.079999923706055,17.34000015258789,17.31999969482422,29085179,17.31999969482422
2018-08-28,17.6200008392334,16.940000534057617,17.600000381469727,17.1200008392334,26264447,17.1200008392334
2018-08-29,17.280000686645508,17.020000457763672,17.1200008392334,17.139999389648438,15457732,17.139999389648438
2018-08-30,17.280000686645508,17.040000915527344,17.280000686645508,17.139999389648438,16052634,17.139999389648438
2018-08-31,16.979999542236328,16.6200008392334,16.8799991607666,16.799999237060547,28107696,16.799999237060547
2018-09-03,16.860000610351562,16.3799991607666,16.799999237060547,16.5,20242557,16.5
2018-09-04,16.940000534057617,16.5,16.6200008392334,16.739999771118164,15882122,16.739999771118164
2018-09-05,16.739999771118164,16.520000457763672,16.700000762939453,16.559999465942383,16304906,16.559999465942383
2018-09-06,16.81999969482422,16.420000076293945,16.559999465942383,16.459999084472656,26331333,16.459999084472656
2018-09-07,16.780000686645508,16.360000610351562,16.5,16.5,15029354,16.5
2018-09-10,16.559999465942383,15.84000015258789,16.5,16.040000915527344,33387796,16.040000915527344
2018-09-11,16.200000762939453,16.0,16.100000381469727,16.1200008392334,16082229,16.1200008392334
2018-09-12,16.260000228881836,15.579999923706055,16.18000030517578,15.65999984741211,29186620,15.65999984741211
2018-09-13,16.399999618530273,16.0,16.0,16.399999618530273,29462632,16.399999618530273
2018-09-14,16.84000015258789,16.559999465942383,16.65999984741211,16.68000030517578,28920836,16.68000030517578
2018-09-17,16.559999465942383,16.100000381469727,16.5,16.420000076293945,10710658,16.420000076293945
2018-09-18,16.5,16.100000381469727,16.420000076293945,16.280000686645508,21242979,16.280000686645508
2018-09-19,16.600000381469727,16.299999237060547,16.399999618530273,16.559999465942383,18679934,16.559999465942383
2018-09-20,16.719999313354492,16.299999237060547,16.540000915527344,16.479999542236328,13270198,16.479999542236328
2018-09-21,16.760000228881836,16.459999084472656,16.600000381469727,16.760000228881836,22287398,16.760000228881836
2018-09-24,16.639999389648438,16.260000228881836,16.600000381469727,16.5,11639050,16.5
2018-09-26,16.5,16.280000686645508,16.399999618530273,16.360000610351562,11449568,16.360000610351562
2018-09-27,16.3799991607666,15.960000038146973,16.3799991607666,15.960000038146973,26452436,15.960000038146973
2018-09-28,16.15999984741211,15.199999809265137,16.020000457763672,15.5,57743921,15.5
2018-10-02,15.640000343322754,14.800000190734863,15.640000343322754,15.0,32841988,15.0
2018-10-03,15.0,14.579999923706055,15.0,14.880000114440918,27564091,14.880000114440918
2018-10-04,14.880000114440918,14.260000228881836,14.84000015258789,14.5,38659662,14.5
2018-10-05,14.380000114440918,14.0,14.100000381469727,14.279999732971191,28210105,14.279999732971191
2018-10-08,14.279999732971191,13.539999961853027,14.199999809265137,13.579999923706055,46429246,13.579999923706055
2018-10-09,13.960000038146973,13.579999923706055,13.739999771118164,13.579999923706055,26985626,13.579999923706055
2018-10-10,14.079999923706055,13.640000343322754,13.699999809265137,13.760000228881836,29223855,13.760000228881836
2018-10-11,13.0,12.380000114440918,13.0,12.65999984741211,77346034,12.65999984741211
2018-10-12,13.15999984741211,12.520000457763672,12.720000267028809,13.0600004196167,44754547,13.0600004196167
2018-10-15,13.180000305175781,12.420000076293945,13.079999923706055,12.479999542236328,21275863,12.479999542236328
2018-10-16,12.720000267028809,12.119999885559082,12.5,12.300000190734863,32683406,12.300000190734863
2018-10-18,12.5600004196167,12.0600004196167,12.5,12.34000015258789,21655863,12.34000015258789
2018-10-19,12.460000038146973,12.0,12.020000457763672,12.279999732971191,37127023,12.279999732971191
2018-10-22,13.279999732971191,12.199999809265137,12.260000228881836,12.979999542236328,53107610,12.979999542236328
2018-10-23,13.0,12.119999885559082,12.859999656677246,12.319999694824219,30396734,12.319999694824219
2018-10-24,12.5,12.140000343322754,12.420000076293945,12.260000228881836,17412682,12.260000228881836
2018-10-25,12.720000267028809,11.65999984741211,12.0,12.680000305175781,42566074,12.680000305175781
2018-10-26,12.84000015258789,12.119999885559082,12.800000190734863,12.279999732971191,25479251,12.279999732971191
2018-10-29,12.319999694824219,11.920000076293945,12.279999732971191,12.020000457763672,20574688,12.020000457763672
2018-10-30,11.9399995803833,11.399999618530273,11.800000190734863,11.65999984741211,27849959,11.65999984741211
2018-10-31,12.239999771118164,11.899999618530273,11.979999542236328,12.180000305175781,26895871,12.180000305175781
2018-11-01,12.859999656677246,12.220000267028809,12.399999618530273,12.34000015258789,35663833,12.34000015258789
2018-11-02,13.539999961853027,12.699999809265137,13.039999961853027,13.479999542236328,74078493,13.479999542236328
2018-11-05,13.34000015258789,12.880000114440918,13.0600004196167,13.079999923706055,20715913,13.079999923706055
2018-11-06,13.279999732971191,12.699999809265137,13.199999809265137,13.239999771118164,20325085,13.239999771118164
2018-11-07,13.65999984741211,13.039999961853027,13.039999961853027,13.300000190734863,31656661,13.300000190734863
2018-11-08,14.119999885559082,13.5,13.699999809265137,13.720000267028809,57147505,13.720000267028809
2018-11-09,13.640000343322754,13.039999961853027,13.640000343322754,13.199999809265137,32583231,13.199999809265137
2018-11-12,13.5600004196167,13.100000381469727,13.380000114440918,13.140000343322754,21941098,13.140000343322754
2018-11-13,13.359999656677246,12.739999771118164,12.84000015258789,13.300000190734863,35447436,13.300000190734863
2018-11-14,13.34000015258789,13.100000381469727,13.199999809265137,13.15999984741211,12335258,13.15999984741211
2018-11-15,13.34000015258789,12.800000190734863,13.279999732971191,13.0600004196167,34068658,13.0600004196167
2018-11-16,13.199999809265137,12.800000190734863,13.100000381469727,12.9399995803833,20361231,12.9399995803833
2018-11-19,13.699999809265137,12.960000038146973,13.0,13.600000381469727,49897906,13.600000381469727
2018-11-20,14.800000190734863,13.34000015258789,13.65999984741211,14.739999771118164,158416525,14.739999771118164
2018-11-21,15.15999984741211,14.300000190734863,14.5,14.84000015258789,78620564,14.84000015258789
2018-11-22,15.0,14.260000228881836,14.960000038146973,14.319999694824219,34210705,14.319999694824219
2018-11-23,14.4399995803833,14.079999923706055,14.319999694824219,14.4399995803833,30412700,14.4399995803833
2018-11-26,14.5600004196167,14.180000305175781,14.5,14.300000190734863,23313991,14.300000190734863
2018-11-27,14.380000114440918,13.739999771118164,14.220000267028809,13.819999694824219,38513213,13.819999694824219
2018-11-28,14.640000343322754,13.9399995803833,13.9399995803833,14.5,52406420,14.5
2018-11-29,14.859999656677246,14.039999961853027,14.699999809265137,14.199999809265137,39356934,14.199999809265137
2018-11-30,14.399999618530273,14.15999984741211,14.300000190734863,14.279999732971191,21143591,14.279999732971191
2018-12-03,14.979999542236328,14.720000267028809,14.800000190734863,14.859999656677246,44197080,14.859999656677246
2018-12-04,14.9399995803833,14.420000076293945,14.9399995803833,14.640000343322754,32211993,14.640000343322754
2018-12-05,14.380000114440918,14.140000343322754,14.380000114440918,14.300000190734863,38493584,14.300000190734863
2018-12-06,14.180000305175781,13.800000190734863,14.100000381469727,14.0,33335368,14.0
2018-12-07,14.039999961853027,13.020000457763672,13.960000038146973,13.640000343322754,44991040,13.640000343322754
2018-12-10,13.5,13.15999984741211,13.5,13.279999732971191,21474200,13.279999732971191
2018-12-11,13.5,13.199999809265137,13.260000228881836,13.380000114440918,12935341,13.380000114440918
2018-12-12,13.720000267028809,13.4399995803833,13.5,13.520000457763672,19134630,13.520000457763672
2018-12-13,13.819999694824219,13.5,13.699999809265137,13.760000228881836,12363996,13.760000228881836
2018-12-14,13.779999732971191,13.479999542236328,13.779999732971191,13.539999961853027,12573551,13.539999961853027
2018-12-17,13.619999885559082,13.300000190734863,13.539999961853027,13.520000457763672,9441591,13.520000457763672
2018-12-18,13.479999542236328,13.020000457763672,13.359999656677246,13.260000228881836,22061077,13.260000228881836
2018-12-19,13.319999694824219,13.100000381469727,13.199999809265137,13.260000228881836,12041587,13.260000228881836
2018-12-20,13.180000305175781,12.699999809265137,13.140000343322754,13.079999923706055,32211712,13.079999923706055
2018-12-21,13.680000305175781,12.680000305175781,12.899999618530273,13.680000305175781,49668836,13.680000305175781
2018-12-24,13.420000076293945,13.039999961853027,13.420000076293945,13.15999984741211,10519067,13.15999984741211
2018-12-27,13.300000190734863,12.859999656677246,13.15999984741211,12.920000076293945,16268154,12.920000076293945
2018-12-28,13.15999984741211,12.84000015258789,13.0,12.9399995803833,18540002,12.9399995803833
2018-12-31,13.100000381469727,12.84000015258789,13.100000381469727,12.920000076293945,11246279,12.920000076293945
2019-01-02,12.979999542236328,12.180000305175781,12.979999542236328,12.199999809265137,32515761,12.199999809265137
2019-01-03,12.319999694824219,11.760000228881836,12.279999732971191,11.760000228881836,38910146,11.760000228881836
2019-01-04,12.039999961853027,11.5,11.65999984741211,11.960000038146973,25943844,11.960000038146973
2019-01-07,12.380000114440918,11.960000038146973,12.319999694824219,12.0,28376962,12.0
2019-01-08,12.15999984741211,11.0600004196167,12.15999984741211,11.100000381469727,91106400,11.100000381469727
2019-01-09,11.100000381469727,10.34000015258789,10.5,10.34000015258789,240922422,10.34000015258789
2019-01-10,10.039999961853027,9.4399995803833,9.630000114440918,9.970000267028809,376414318,9.970000267028809
2019-01-11,10.520000457763672,10.0,10.180000305175781,10.34000015258789,126655283,10.34000015258789
2019-01-14,10.479999542236328,10.0,10.420000076293945,10.020000457763672,54264395,10.020000457763672
2019-01-15,10.15999984741211,9.829999923706055,10.0600004196167,9.960000038146973,82269650,9.960000038146973
2019-01-16,9.9399995803833,9.59000015258789,9.699999809265137,9.699999809265137,367223812,9.699999809265137
2019-01-17,9.949999809265137,9.670000076293945,9.8100004196167,9.739999771118164,81046985,9.739999771118164
2019-01-18,10.239999771118164,9.890000343322754,9.970000267028809,10.15999984741211,139896858,10.15999984741211
2019-01-21,10.479999542236328,10.220000267028809,10.220000267028809,10.300000190734863,86294625,10.300000190734863
2019-01-22,10.399999618530273,9.920000076293945,10.380000114440918,10.0,59735038,10.0
2019-01-23,10.020000457763672,9.890000343322754,9.930000305175781,9.970000267028809,37825844,9.970000267028809
2019-01-24,10.119999885559082,9.920000076293945,10.0,10.0,41246163,10.0
2019-01-25,10.260000228881836,10.020000457763672,10.039999961853027,10.100000381469727,64613994,10.100000381469727
2019-01-28,10.220000267028809,9.9399995803833,10.199999809265137,10.020000457763672,44290538,10.020000457763672
2019-01-29,9.989999771118164,9.859999656677246,9.920000076293945,9.90999984741211,33530991,9.90999984741211
2019-01-30,9.949999809265137,9.84000015258789,9.899999618530273,9.84000015258789,32802193,9.84000015258789
2019-01-31,9.979999542236328,9.819999694824219,9.949999809265137,9.84000015258789,50076676,9.84000015258789
2019-02-01,10.4399995803833,9.869999885559082,9.899999618530273,10.4399995803833,127579302,10.4399995803833
2019-02-04,10.5,10.279999732971191,10.460000038146973,10.359999656677246,49681936,10.359999656677246
2019-02-08,10.319999694824219,10.0,10.300000190734863,10.260000228881836,57644100,10.260000228881836
2019-02-11,10.899999618530273,10.220000267028809,10.34000015258789,10.699999809265137,140732181,10.699999809265137
2019-02-12,11.100000381469727,10.539999961853027,10.9399995803833,10.600000381469727,117906288,10.600000381469727
2019-02-13,11.420000076293945,10.600000381469727,10.720000267028809,11.380000114440918,156224007,11.380000114440918
2019-02-14,11.5600004196167,11.199999809265137,11.359999656677246,11.520000457763672,108811783,11.520000457763672
2019-02-15,11.460000038146973,11.079999923706055,11.420000076293945,11.140000343322754,82217458,11.140000343322754
2019-02-18,11.5,11.199999809265137,11.380000114440918,11.220000267028809,63590558,11.220000267028809
2019-02-19,11.15999984741211,10.619999885559082,11.100000381469727,10.800000190734863,129955818,10.800000190734863
2019-02-20,11.0,10.65999984741211,10.920000076293945,10.84000015258789,96070124,10.84000015258789
2019-02-21,11.520000457763672,10.9399995803833,10.979999542236328,11.380000114440918,152831181,11.380000114440918
2019-02-22,11.920000076293945,11.239999771118164,11.300000190734863,11.920000076293945,157362545,11.920000076293945
2019-02-25,12.479999542236328,12.0600004196167,12.079999923706055,12.239999771118164,198022442,12.239999771118164
2019-02-26,12.479999542236328,12.100000381469727,12.260000228881836,12.199999809265137,113627050,12.199999809265137
2019-02-27,12.420000076293945,11.84000015258789,12.319999694824219,12.140000343322754,97009637,12.140000343322754
2019-02-28,12.180000305175781,11.760000228881836,12.180000305175781,11.960000038146973,259790013,11.960000038146973
2019-03-01,12.0,11.600000381469727,11.819999694824219,11.880000114440918,130688112,11.880000114440918
2019-03-04,12.100000381469727,11.779999732971191,11.960000038146973,11.960000038146973,149188886,11.960000038146973
2019-03-05,12.5,11.84000015258789,11.899999618530273,12.5,135780670,12.5
2019-03-06,12.680000305175781,12.260000228881836,12.479999542236328,12.359999656677246,120362729,12.359999656677246
2019-03-07,12.479999542236328,12.039999961853027,12.420000076293945,12.039999961853027,73888741,12.039999961853027
2019-03-08,12.0600004196167,11.720000267028809,12.0,11.739999771118164,74822349,11.739999771118164
2019-03-11,11.979999542236328,11.65999984741211,11.65999984741211,11.899999618530273,72177601,11.899999618530273
2019-03-12,12.380000114440918,11.979999542236328,12.0,12.199999809265137,88446667,12.199999809265137
2019-03-13,12.359999656677246,11.899999618530273,12.260000228881836,11.960000038146973,88108145,11.960000038146973
2019-03-14,12.039999961853027,11.5,12.039999961853027,11.640000343322754,101368214,11.640000343322754
2019-03-15,11.880000114440918,11.520000457763672,11.760000228881836,11.579999923706055,322239056,11.579999923706055
2019-03-18,12.079999923706055,11.5600004196167,11.699999809265137,11.899999618530273,119684388,11.899999618530273
2019-03-19,12.260000228881836,11.899999618530273,11.9399995803833,12.199999809265137,105074461,12.199999809265137
2019-03-20,12.300000190734863,11.520000457763672,12.300000190734863,11.640000343322754,202994583,11.640000343322754
2019-03-21,11.65999984741211,11.279999732971191,11.640000343322754,11.279999732971191,103304274,11.279999732971191
2019-03-22,11.5,11.140000343322754,11.34000015258789,11.279999732971191,80725171,11.279999732971191
2019-03-25,11.140000343322754,10.880000114440918,11.100000381469727,10.899999618530273,80204573,10.899999618530273
2019-03-26,11.199999809265137,11.0,11.100000381469727,11.100000381469727,38786770,11.100000381469727
2019-03-27,11.319999694824219,11.100000381469727,11.180000305175781,11.300000190734863,37818664,11.300000190734863
2019-03-28,11.199999809265137,11.0600004196167,11.199999809265137,11.180000305175781,26475986,11.180000305175781
2019-03-29,11.380000114440918,11.180000305175781,11.260000228881836,11.380000114440918,47718441,11.380000114440918
2019-04-01,11.5,11.319999694824219,11.5,11.359999656677246,50751587,11.359999656677246
2019-04-02,11.460000038146973,11.199999809265137,11.399999618530273,11.239999771118164,35804625,11.239999771118164
2019-04-03,11.9399995803833,11.199999809265137,11.399999618530273,11.920000076293945,114684905,11.920000076293945
2019-04-04,11.899999618530273,11.65999984741211,11.859999656677246,11.84000015258789,67047248,11.84000015258789
2019-04-08,11.960000038146973,11.5,11.899999618530273,11.760000228881836,52740551,11.760000228881836
2019-04-09,11.800000190734863,11.5,11.720000267028809,11.720000267028809,46794828,11.720000267028809
2019-04-10,11.899999618530273,11.420000076293945,11.600000381469727,11.84000015258789,58170697,11.84000015258789
2019-04-11,11.84000015258789,11.520000457763672,11.779999732971191,11.539999961853027,42504774,11.539999961853027
2019-04-12,11.680000305175781,11.420000076293945,11.600000381469727,11.619999885559082,29893511,11.619999885559082
2019-04-15,12.0,11.640000343322754,11.680000305175781,11.640000343322754,61263409,11.640000343322754
2019-04-16,11.800000190734863,11.4399995803833,11.640000343322754,11.760000228881836,37491683,11.760000228881836
2019-04-17,11.880000114440918,11.699999809265137,11.859999656677246,11.819999694824219,37994138,11.819999694824219
2019-04-18,11.9399995803833,11.619999885559082,11.859999656677246,11.699999809265137,48797058,11.699999809265137
2019-04-23,12.220000267028809,11.739999771118164,11.859999656677246,12.199999809265137,191912515,12.199999809265137
2019-04-24,12.460000038146973,12.140000343322754,12.260000228881836,12.359999656677246,136598895,12.359999656677246
2019-04-25,12.359999656677246,11.960000038146973,12.359999656677246,11.979999542236328,87868020,11.979999542236328
2019-04-26,12.239999771118164,11.9399995803833,12.0,12.020000457763672,60311103,12.020000457763672
2019-04-29,12.100000381469727,11.739999771118164,12.100000381469727,11.979999542236328,82380942,11.979999542236328
2019-04-30,12.119999885559082,11.84000015258789,12.020000457763672,12.020000457763672,52680483,12.020000457763672
2019-05-02,11.920000076293945,11.579999923706055,11.800000190734863,11.619999885559082,58815949,11.619999885559082
2019-05-03,11.9399995803833,11.65999984741211,11.720000267028809,11.800000190734863,36641129,11.800000190734863
2019-05-06,11.539999961853027,10.779999732971191,11.5,11.0,143992147,11.0
2019-05-07,11.020000457763672,10.579999923706055,11.0,10.84000015258789,103147643,10.84000015258789
2019-05-08,10.739999771118164,10.4399995803833,10.600000381469727,10.579999923706055,77101167,10.579999923706055
2019-05-09,10.720000267028809,10.420000076293945,10.720000267028809,10.460000038146973,57447536,10.460000038146973
2019-05-10,10.779999732971191,10.420000076293945,10.680000305175781,10.640000343322754,49391863,10.640000343322754
2019-05-14,10.319999694824219,10.0600004196167,10.260000228881836,10.119999885559082,93843860,10.119999885559082
2019-05-15,10.739999771118164,10.260000228881836,10.380000114440918,10.479999542236328,67013283,10.479999542236328
2019-05-16,10.699999809265137,10.279999732971191,10.699999809265137,10.300000190734863,44951125,10.300000190734863
2019-05-17,10.359999656677246,10.079999923706055,10.279999732971191,10.15999984741211,52691189,10.15999984741211
2019-05-20,10.5,9.8100004196167,10.039999961853027,9.890000343322754,107718541,9.890000343322754
2019-05-21,10.279999732971191,9.84000015258789,10.260000228881836,9.869999885559082,134056987,9.869999885559082
2019-05-22,10.34000015258789,9.979999542236328,10.0,10.100000381469727,86195202,10.100000381469727
2019-05-23,10.100000381469727,9.699999809265137,10.0600004196167,9.800000190734863,76024033,9.800000190734863
2019-05-24,9.899999618530273,9.619999885559082,9.800000190734863,9.770000457763672,52677791,9.770000457763672
2019-05-27,9.819999694824219,9.569999694824219,9.800000190734863,9.65999984741211,62738041,9.65999984741211
2019-05-28,10.039999961853027,9.670000076293945,9.699999809265137,9.949999809265137,62252358,9.949999809265137
2019-05-29,9.9399995803833,9.800000190734863,9.84000015258789,9.920000076293945,29019956,9.920000076293945
2019-05-30,9.949999809265137,9.720000267028809,9.859999656677246,9.739999771118164,52635534,9.739999771118164
2019-05-31,9.8100004196167,9.569999694824219,9.739999771118164,9.579999923706055,33964811,9.579999923706055
2019-06-03,9.65999984741211,8.920000076293945,9.59000015258789,9.09000015258789,176504084,9.09000015258789
2019-06-04,9.1899995803833,8.90999984741211,9.100000381469727,9.020000457763672,78946868,9.020000457763672
2019-06-05,9.329999923706055,9.119999885559082,9.289999961853027,9.220000267028809,83885940,9.220000267028809
2019-06-06,9.260000228881836,9.0,9.25,9.210000038146973,70373449,9.210000038146973
2019-06-10,9.539999961853027,9.210000038146973,9.289999961853027,9.529999732971191,63925563,9.529999732971191
2019-06-11,9.880000114440918,9.539999961853027,9.579999923706055,9.75,72498312,9.75
2019-06-12,9.75,9.380000114440918,9.699999809265137,9.539999961853027,75843668,9.539999961853027
2019-06-13,9.65999984741211,9.34000015258789,9.630000114440918,9.65999984741211,50674208,9.65999984741211
2019-06-14,9.65999984741211,9.470000267028809,9.600000381469727,9.550000190734863,44403147,9.550000190734863
2019-06-17,9.699999809265137,9.479999542236328,9.600000381469727,9.579999923706055,49717577,9.579999923706055
2019-06-18,9.640000343322754,9.479999542236328,9.579999923706055,9.59000015258789,36926547,9.59000015258789
2019-06-19,9.979999542236328,9.720000267028809,9.829999923706055,9.800000190734863,60624774,9.800000190734863
2019-06-20,10.0,9.729999542236328,9.84000015258789,9.930000305175781,82850123,9.930000305175781
2019-06-21,9.989999771118164,9.760000228881836,9.979999542236328,9.800000190734863,67682612,9.800000190734863
2019-06-24,10.039999961853027,9.8100004196167,9.850000381469727,9.949999809265137,72849695,9.949999809265137
2019-06-25,9.9399995803833,9.630000114440918,9.9399995803833,9.770000457763672,50239668,9.770000457763672
2019-06-26,9.850000381469727,9.680000305175781,9.699999809265137,9.800000190734863,30465836,9.800000190734863
2019-06-27,10.0,9.770000457763672,9.829999923706055,10.0,69511695,10.0
2019-06-28,10.380000114440918,9.9399995803833,10.0,10.0,128683132,10.0
2019-07-02,10.319999694824219,9.9399995803833,10.300000190734863,9.989999771118164,136432655,9.989999771118164
2019-07-03,10.020000457763672,9.649999618530273,10.0,9.760000228881836,107536892,9.760000228881836
2019-07-04,9.859999656677246,9.720000267028809,9.789999961853027,9.779999732971191,48221001,9.779999732971191
2019-07-05,9.970000267028809,9.75,9.800000190734863,9.949999809265137,59181568,9.949999809265137
2019-07-08,9.850000381469727,9.550000190734863,9.819999694824219,9.609999656677246,105975221,9.609999656677246
2019-07-09,9.579999923706055,9.270000457763672,9.529999732971191,9.5,99820916,9.5
2019-07-10,9.630000114440918,9.369999885559082,9.5600004196167,9.59000015258789,65241428,9.59000015258789
2019-07-11,9.6899995803833,9.479999542236328,9.600000381469727,9.489999771118164,68189443,9.489999771118164
2019-07-12,9.680000305175781,9.430000305175781,9.680000305175781,9.4399995803833,74271930,9.4399995803833
2019-07-15,9.449999809265137,9.279999732971191,9.449999809265137,9.359999656677246,71694860,9.359999656677246
2019-07-16,9.449999809265137,9.279999732971191,9.399999618530273,9.300000190734863,88195771,9.300000190734863
2019-07-17,9.279999732971191,9.100000381469727,9.260000228881836,9.109999656677246,83593324,9.109999656677246
2019-07-18,9.079999923706055,8.989999771118164,9.079999923706055,9.0,84684758,9.0
2019-07-19,9.199999809265137,9.0,9.0,9.109999656677246,59402001,9.109999656677246
2019-07-22,9.0600004196167,8.920000076293945,9.029999732971191,8.949999809265137,64653681,8.949999809265137
2019-07-23,9.15999984741211,8.970000267028809,8.970000267028809,9.069999694824219,40208040,9.069999694824219
2019-07-24,9.239999771118164,9.100000381469727,9.149999618530273,9.100000381469727,60603951,9.100000381469727
2019-07-25,9.260000228881836,9.140000343322754,9.15999984741211,9.220000267028809,60869873,9.220000267028809
2019-07-26,9.1899995803833,9.069999694824219,9.1899995803833,9.119999885559082,36603581,9.119999885559082
2019-07-29,9.130000114440918,8.979999542236328,9.109999656677246,9.069999694824219,35236909,9.069999694824219
2019-07-30,9.149999618530273,8.989999771118164,9.100000381469727,9.020000457763672,25925922,9.020000457763672
2019-07-31,9.100000381469727,8.979999542236328,9.0,9.050000190734863,23016132,9.050000190734863
2019-08-01,9.039999961853027,8.970000267028809,9.020000457763672,9.020000457763672,41720986,9.020000457763672
2019-08-02,8.930000305175781,8.789999961853027,8.880000114440918,8.800000190734863,69130459,8.800000190734863
2019-08-05,9.25,8.789999961853027,8.800000190734863,8.920000076293945,101547478,8.920000076293945
2019-08-06,8.800000190734863,8.369999885559082,8.800000190734863,8.65999984741211,92542291,8.65999984741211
2019-08-07,8.789999961853027,8.5,8.699999809265137,8.649999618530273,69432818,8.649999618530273
2019-08-08,9.039999961853027,8.729999542236328,8.979999542236328,8.90999984741211,112333802,8.90999984741211
2019-08-09,9.109999656677246,8.9399995803833,9.0,8.9399995803833,88624879,8.9399995803833
2019-08-12,9.020000457763672,8.920000076293945,9.0,8.949999809265137,31415667,8.949999809265137
2019-08-13,9.0,8.789999961853027,8.850000381469727,8.819999694824219,40827015,8.819999694824219
2019-08-14,9.09000015258789,8.890000343322754,9.0,9.0,85573563,9.0
2019-08-15,8.880000114440918,8.65999984741211,8.800000190734863,8.8100004196167,101629287,8.8100004196167
2019-08-16,9.0600004196167,8.699999809265137,8.800000190734863,8.920000076293945,77069016,8.920000076293945
2019-08-19,9.210000038146973,8.970000267028809,9.0,9.140000343322754,91239877,9.140000343322754
2019-08-20,9.550000190734863,9.140000343322754,9.199999809265137,9.430000305175781,144494213,9.430000305175781
2019-08-21,9.630000114440918,8.8100004196167,9.5,8.960000038146973,271630931,8.960000038146973
2019-08-22,9.029999732971191,8.850000381469727,9.0,8.869999885559082,62258691,8.869999885559082
2019-08-23,9.0,8.8100004196167,8.869999885559082,8.960000038146973,55416927,8.960000038146973
2019-08-26,8.720000267028809,8.529999732971191,8.699999809265137,8.699999809265137,93905693,8.699999809265137
2019-08-27,8.8100004196167,8.600000381469727,8.760000228881836,8.789999961853027,267786398,8.789999961853027
2019-08-28,8.90999984741211,8.640000343322754,8.699999809265137,8.819999694824219,148059208,8.819999694824219
2019-08-29,8.880000114440918,8.460000038146973,8.880000114440918,8.529999732971191,99376257,8.529999732971191
2019-08-30,8.670000076293945,8.5,8.65999984741211,8.529999732971191,62219585,8.529999732971191
2019-09-02,8.539999961853027,8.279999732971191,8.529999732971191,8.350000381469727,88123456,8.350000381469727
2019-09-03,8.920000076293945,8.640000343322754,8.65999984741211,8.699999809265137,182722264,8.699999809265137
2019-09-04,8.760000228881836,8.59000015258789,8.699999809265137,8.649999618530273,162933968,8.649999618530273
2019-09-05,8.979999542236328,8.640000343322754,8.649999618530273,8.9399995803833,83905736,8.9399995803833
2019-09-06,9.180000305175781,8.9399995803833,8.970000267028809,9.079999923706055,123023585,9.079999923706055
2019-09-09,9.149999618530273,9.029999732971191,9.140000343322754,9.130000114440918,63635189,9.130000114440918
2019-09-10,9.289999961853027,9.069999694824219,9.170000076293945,9.220000267028809,77590668,9.220000267028809
2019-09-11,9.270000457763672,9.109999656677246,9.25,9.270000457763672,75239701,9.270000457763672
2019-09-12,9.489999771118164,9.180000305175781,9.260000228881836,9.399999618530273,90123971,9.399999618530273
2019-09-13,9.489999771118164,9.3100004196167,9.399999618530273,9.479999542236328,53491068,9.479999542236328
2019-09-16,9.460000038146973,9.25,9.460000038146973,9.34000015258789,46137027,9.34000015258789
2019-09-17,9.34000015258789,9.0,9.34000015258789,9.069999694824219,84136724,9.069999694824219
2019-09-18,9.260000228881836,9.069999694824219,9.109999656677246,9.149999618530273,50554416,9.149999618530273
2019-09-19,9.210000038146973,9.069999694824219,9.1899995803833,9.140000343322754,51150472,9.140000343322754
2019-09-20,9.319999694824219,9.15999984741211,9.1899995803833,9.25,82893218,9.25
2019-09-23,9.5,9.239999771118164,9.300000190734863,9.319999694824219,81552912,9.319999694824219
2019-09-24,9.380000114440918,9.210000038146973,9.34000015258789,9.319999694824219,57713290,9.319999694824219
2019-09-25,9.279999732971191,8.819999694824219,9.279999732971191,8.90999984741211,137591132,8.90999984741211
2019-09-26,9.039999961853027,8.8100004196167,9.0,8.890000343322754,56616118,8.890000343322754
2019-09-27,8.850000381469727,8.699999809265137,8.829999923706055,8.699999809265137,66666907,8.699999809265137
2019-09-30,8.800000190734863,8.619999885559082,8.699999809265137,8.800000190734863,77374624,8.800000190734863
2019-10-02,8.859999656677246,8.729999542236328,8.829999923706055,8.75,37139100,8.75
2019-10-03,8.899999618530273,8.710000038146973,8.739999771118164,8.899999618530273,33317538,8.899999618530273
2019-10-04,9.020000457763672,8.829999923706055,8.880000114440918,8.949999809265137,47256266,8.949999809265137
2019-10-08,8.949999809265137,8.739999771118164,8.850000381469727,8.789999961853027,59036575,8.789999961853027
2019-10-09,8.779999732971191,8.630000114440918,8.770000457763672,8.670000076293945,33659935,8.670000076293945
2019-10-10,8.869999885559082,8.670000076293945,8.720000267028809,8.800000190734863,33262805,8.800000190734863
2019-10-11,9.09000015258789,8.8100004196167,8.819999694824219,8.880000114440918,56246296,8.880000114440918
2019-10-14,9.050000190734863,8.880000114440918,9.0,8.930000305175781,44548971,8.930000305175781
2019-10-15,8.9399995803833,8.770000457763672,8.930000305175781,8.819999694824219,27352007,8.819999694824219
2019-10-16,8.949999809265137,8.579999923706055,8.800000190734863,8.640000343322754,84718135,8.640000343322754
2019-10-17,8.65999984741211,8.520000457763672,8.529999732971191,8.640000343322754,45955450,8.640000343322754
2019-10-18,8.619999885559082,8.520000457763672,8.579999923706055,8.550000190734863,51110519,8.550000190734863
2019-10-21,9.130000114440918,8.850000381469727,8.890000343322754,8.979999542236328,228778652,8.979999542236328
2019-10-22,8.989999771118164,8.729999542236328,8.949999809265137,8.850000381469727,125667269,8.850000381469727
2019-10-23,9.0,8.819999694824219,8.869999885559082,8.989999771118164,97747823,8.989999771118164
2019-10-24,9.079999923706055,8.880000114440918,8.989999771118164,9.039999961853027,135745077,9.039999961853027
2019-10-25,9.119999885559082,8.960000038146973,9.039999961853027,9.0600004196167,133395946,9.0600004196167
2019-10-28,9.479999542236328,9.149999618530273,9.300000190734863,9.1899995803833,226791453,9.1899995803833
2019-10-29,9.25,8.819999694824219,9.1899995803833,8.859999656677246,136425269,8.859999656677246
2019-10-30,8.930000305175781,8.720000267028809,8.930000305175781,8.789999961853027,70443248,8.789999961853027
2019-10-31,8.9399995803833,8.720000267028809,8.729999542236328,8.899999618530273,77794785,8.899999618530273
2019-11-01,8.970000267028809,8.770000457763672,8.850000381469727,8.960000038146973,64201980,8.960000038146973
2019-11-04,9.100000381469727,8.90999984741211,8.90999984741211,9.029999732971191,108020147,9.029999732971191
2019-11-05,9.069999694824219,8.970000267028809,9.069999694824219,9.029999732971191,75440687,9.029999732971191
2019-11-06,9.069999694824219,8.920000076293945,9.0600004196167,8.9399995803833,64362518,8.9399995803833
2019-11-07,8.960000038146973,8.869999885559082,8.9399995803833,8.930000305175781,56436367,8.930000305175781
2019-11-08,8.979999542236328,8.829999923706055,8.949999809265137,8.84000015258789,42667260,8.84000015258789
2019-11-11,8.850000381469727,8.520000457763672,8.850000381469727,8.539999961853027,120421161,8.539999961853027
2019-11-12,8.710000038146973,8.510000228881836,8.65999984741211,8.6899995803833,66151144,8.6899995803833
2019-11-13,8.770000457763672,8.510000228881836,8.770000457763672,8.550000190734863,88557839,8.550000190734863
2019-11-14,8.619999885559082,8.449999809265137,8.59000015258789,8.479999542236328,64143315,8.479999542236328
2019-11-15,8.550000190734863,8.479999542236328,8.529999732971191,8.510000228881836,39869154,8.510000228881836
2019-11-18,8.5600004196167,8.40999984741211,8.539999961853027,8.470000267028809,68443946,8.470000267028809
2019-11-19,8.600000381469727,8.449999809265137,8.5,8.5600004196167,73453575,8.5600004196167
2019-11-20,8.609999656677246,8.510000228881836,8.579999923706055,8.550000190734863,46261234,8.550000190734863
2019-11-21,8.539999961853027,8.380000114440918,8.539999961853027,8.399999618530273,64050218,8.399999618530273
2019-11-22,8.4399995803833,8.350000381469727,8.399999618530273,8.390000343322754,67758019,8.390000343322754
2019-11-25,8.619999885559082,8.380000114440918,8.399999618530273,8.600000381469727,68855731,8.600000381469727
2019-11-26,8.729999542236328,8.550000190734863,8.600000381469727,8.619999885559082,83452023,8.619999885559082
2019-11-27,8.75,8.630000114440918,8.680000305175781,8.729999542236328,73594606,8.729999542236328
2019-11-28,9.15999984741211,8.800000190734863,8.8100004196167,8.890000343322754,264912274,8.890000343322754
2019-11-29,9.010000228881836,8.760000228881836,8.920000076293945,8.949999809265137,158849737,8.949999809265137
2019-12-02,9.020000457763672,8.829999923706055,8.970000267028809,8.930000305175781,107412610,8.930000305175781
2019-12-03,9.050000190734863,8.800000190734863,8.930000305175781,9.010000228881836,147325642,9.010000228881836
2019-12-04,9.15999984741211,8.920000076293945,8.9399995803833,9.0,134747942,9.0
2019-12-05,9.100000381469727,8.960000038146973,9.100000381469727,9.069999694824219,100317107,9.069999694824219
2019-12-06,9.350000381469727,9.039999961853027,9.069999694824219,9.34000015258789,227486578,9.34000015258789
2019-12-09,9.479999542236328,9.319999694824219,9.390000343322754,9.319999694824219,146799790,9.319999694824219
2019-12-10,9.380000114440918,9.199999809265137,9.350000381469727,9.210000038146973,102673216,9.210000038146973
2019-12-11,10.0,9.220000267028809,9.239999771118164,9.989999771118164,431132280,9.989999771118164
2019-12-12,10.119999885559082,9.850000381469727,9.9399995803833,9.930000305175781,268007812,9.930000305175781
2019-12-13,10.479999542236328,10.020000457763672,10.039999961853027,10.399999618530273,377449850,10.399999618530273
2019-12-16,10.739999771118164,10.300000190734863,10.300000190734863,10.520000457763672,262630774,10.520000457763672
2019-12-17,10.880000114440918,10.539999961853027,10.680000305175781,10.680000305175781,201590813,10.680000305175781
2019-12-18,10.65999984741211,10.319999694824219,10.600000381469727,10.5,189802722,10.5
2019-12-19,10.5,10.119999885559082,10.479999542236328,10.359999656677246,159328435,10.359999656677246
2019-12-20,10.520000457763672,10.239999771118164,10.520000457763672,10.34000015258789,117325563,10.34000015258789
2019-12-23,10.380000114440918,10.180000305175781,10.359999656677246,10.239999771118164,97229098,10.239999771118164
2019-12-24,10.579999923706055,10.239999771118164,10.300000190734863,10.5600004196167,114541134,10.5600004196167
2019-12-27,10.920000076293945,10.5,10.520000457763672,10.800000190734863,200337570,10.800000190734863
2019-12-30,10.880000114440918,10.619999885559082,10.800000190734863,10.640000343322754,136166581,10.640000343322754
2019-12-31,10.84000015258789,10.619999885559082,10.619999885559082,10.779999732971191,67507463,10.779999732971191
2020-01-02,11.220000267028809,10.779999732971191,10.859999656677246,11.220000267028809,248889455,11.220000267028809
2020-01-03,11.4399995803833,10.899999618530273,11.199999809265137,10.899999618530273,219547199,10.899999618530273
2020-01-06,11.180000305175781,10.640000343322754,10.720000267028809,10.979999542236328,179639996,10.979999542236328
2020-01-07,11.300000190734863,10.920000076293945,11.0600004196167,11.0,171287427,11.0
2020-01-08,11.279999732971191,10.819999694824219,10.819999694824219,11.079999923706055,189314498,11.079999923706055
2020-01-09,11.5,11.220000267028809,11.300000190734863,11.5,186855215,11.5
2020-01-10,11.619999885559082,11.399999618530273,11.600000381469727,11.420000076293945,151578463,11.420000076293945
2020-01-13,11.899999618530273,11.4399995803833,11.520000457763672,11.899999618530273,161150695,11.899999618530273
2020-01-14,12.039999961853027,11.619999885559082,11.960000038146973,11.680000305175781,248618005,11.680000305175781
2020-01-15,12.260000228881836,11.65999984741211,11.65999984741211,12.260000228881836,248326019,12.260000228881836
2020-01-16,12.380000114440918,12.039999961853027,12.100000381469727,12.220000267028809,223205730,12.220000267028809
2020-01-17,13.460000038146973,12.279999732971191,12.300000190734863,13.239999771118164,436141742,13.239999771118164
2020-01-20,13.9399995803833,13.279999732971191,13.579999923706055,13.300000190734863,306785923,13.300000190734863
2020-01-21,13.279999732971191,12.739999771118164,13.279999732971191,12.760000228881836,283025289,12.760000228881836
2020-01-22,14.0,12.680000305175781,12.819999694824219,13.899999618530273,309519548,13.899999618530273
2020-01-23,13.720000267028809,12.800000190734863,13.5600004196167,13.279999732971191,313410180,13.279999732971191
2020-01-24,13.680000305175781,13.020000457763672,13.319999694824219,13.34000015258789,114577196,13.34000015258789
2020-01-29,13.180000305175781,12.520000457763672,12.779999732971191,12.600000381469727,305449628,12.600000381469727
2020-01-30,12.739999771118164,11.4399995803833,12.579999923706055,11.760000228881836,349186547,11.760000228881836
2020-01-31,12.180000305175781,11.520000457763672,11.979999542236328,11.520000457763672,223262918,11.520000457763672
2020-02-03,12.359999656677246,11.0,11.300000190734863,12.020000457763672,375836396,12.020000457763672
2020-02-04,12.800000190734863,12.199999809265137,12.260000228881836,12.539999961853027,293328793,12.539999961853027
2020-02-05,13.180000305175781,12.5,12.699999809265137,12.640000343322754,332528060,12.640000343322754
2020-02-06,13.039999961853027,12.5600004196167,12.899999618530273,12.819999694824219,206710927,12.819999694824219
2020-02-07,13.079999923706055,12.640000343322754,12.819999694824219,12.84000015258789,174008032,12.84000015258789
2020-02-10,13.020000457763672,12.600000381469727,12.65999984741211,12.960000038146973,209946946,12.960000038146973
2020-02-11,13.15999984741211,12.779999732971191,13.020000457763672,12.779999732971191,176487285,12.779999732971191
2020-02-12,12.979999542236328,12.4399995803833,12.779999732971191,12.920000076293945,206694750,12.920000076293945
2020-02-13,13.640000343322754,12.779999732971191,13.0,13.380000114440918,370025107,13.380000114440918
2020-02-14,13.579999923706055,13.0,13.279999732971191,13.100000381469727,213335678,13.100000381469727
2020-02-17,13.34000015258789,13.0,13.0,13.279999732971191,151582824,13.279999732971191
2020-02-18,13.4399995803833,12.65999984741211,13.180000305175781,12.819999694824219,281500643,12.819999694824219
2020-02-19,13.039999961853027,12.760000228881836,12.760000228881836,12.880000114440918,116648739,12.880000114440918
2020-02-20,13.039999961853027,12.800000190734863,13.0,12.899999618530273,96554307,12.899999618530273
2020-02-21,12.920000076293945,12.699999809265137,12.880000114440918,12.720000267028809,118516742,12.720000267028809
2020-02-24,12.600000381469727,12.079999923706055,12.5600004196167,12.319999694824219,230243439,12.319999694824219
2020-02-25,12.720000267028809,12.0600004196167,12.0600004196167,12.640000343322754,243238089,12.640000343322754
2020-02-26,12.640000343322754,12.34000015258789,12.359999656677246,12.460000038146973,125562888,12.460000038146973
2020-02-27,13.0,12.420000076293945,12.420000076293945,12.899999618530273,144988949,12.899999618530273
2020-02-28,12.779999732971191,12.199999809265137,12.460000038146973,12.5600004196167,424688661,12.5600004196167
2020-03-02,13.039999961853027,12.34000015258789,12.5600004196167,12.9399995803833,253741171,12.9399995803833
2020-03-03,13.399999618530273,12.720000267028809,13.260000228881836,12.779999732971191,170657961,12.779999732971191
2020-03-04,12.960000038146973,12.5,12.880000114440918,12.9399995803833,127184705,12.9399995803833
2020-03-05,13.260000228881836,12.960000038146973,13.100000381469727,13.100000381469727,152699836,13.100000381469727
2020-03-06,13.119999885559082,12.899999618530273,12.899999618530273,12.979999542236328,101256776,12.979999542236328
2020-03-09,12.65999984741211,11.979999542236328,12.479999542236328,12.0600004196167,250250033,12.0600004196167
2020-03-10,12.300000190734863,11.579999923706055,12.199999809265137,12.039999961853027,242481215,12.039999961853027
2020-03-11,12.15999984741211,11.539999961853027,12.0,11.720000267028809,193249385,11.720000267028809
2020-03-12,11.399999618530273,11.0,11.399999618530273,11.100000381469727,286469022,11.100000381469727
2020-03-13,11.140000343322754,10.100000381469727,10.100000381469727,10.979999542236328,291997257,10.979999542236328
2020-03-16,10.880000114440918,10.020000457763672,10.800000190734863,10.199999809265137,253320633,10.199999809265137
2020-03-17,10.460000038146973,9.779999732971191,10.15999984741211,10.140000343322754,223426011,10.140000343322754
2020-03-18,10.4399995803833,9.600000381469727,10.15999984741211,9.710000038146973,191627233,9.710000038146973
2020-03-19,9.899999618530273,9.199999809265137,9.850000381469727,9.529999732971191,230414773,9.529999732971191
2020-03-20,10.220000267028809,9.800000190734863,9.819999694824219,10.15999984741211,278485618,10.15999984741211
2020-03-23,9.8100004196167,9.430000305175781,9.65999984741211,9.5,186372645,9.5
2020-03-24,10.15999984741211,9.779999732971191,9.819999694824219,10.0,182860440,10.0
2020-03-25,10.5,10.100000381469727,10.460000038146973,10.34000015258789,190150223,10.34000015258789
2020-03-26,10.4399995803833,10.140000343322754,10.34000015258789,10.239999771118164,137555970,10.239999771118164
2020-03-27,10.579999923706055,10.140000343322754,10.5,10.199999809265137,117460011,10.199999809265137
2020-03-30,10.279999732971191,9.899999618530273,9.930000305175781,10.0600004196167,105212599,10.0600004196167
2020-03-31,10.5,10.220000267028809,10.319999694824219,10.4399995803833,117140723,10.4399995803833
2020-04-01,10.619999885559082,10.020000457763672,10.380000114440918,10.199999809265137,158593942,10.199999809265137
2020-04-02,10.420000076293945,10.039999961853027,10.140000343322754,10.380000114440918,80611901,10.380000114440918
2020-04-03,10.420000076293945,10.15999984741211,10.399999618530273,10.260000228881836,73152317,10.260000228881836
2020-04-06,10.579999923706055,10.15999984741211,10.460000038146973,10.5,90857989,10.5
2020-04-07,10.739999771118164,10.119999885559082,10.600000381469727,10.479999542236328,191342565,10.479999542236328
2020-04-08,10.359999656677246,10.039999961853027,10.300000190734863,10.180000305175781,186014314,10.180000305175781
2020-04-09,10.279999732971191,10.0600004196167,10.220000267028809,10.140000343322754,132537620,10.140000343322754
2020-04-14,10.220000267028809,9.9399995803833,10.199999809265137,10.180000305175781,174767316,10.180000305175781
2020-04-15,10.800000190734863,10.239999771118164,10.300000190734863,10.479999542236328,284993347,10.479999542236328
2020-04-16,10.520000457763672,10.279999732971191,10.479999542236328,10.420000076293945,121821624,10.420000076293945
2020-04-17,10.680000305175781,10.319999694824219,10.579999923706055,10.399999618530273,134524610,10.399999618530273
2020-04-20,10.5,10.239999771118164,10.479999542236328,10.34000015258789,69463703,10.34000015258789
2020-04-21,10.319999694824219,9.960000038146973,10.260000228881836,10.039999961853027,142941791,10.039999961853027
2020-04-22,10.119999885559082,9.829999923706055,9.899999618530273,10.119999885559082,80169011,10.119999885559082
2020-04-23,10.319999694824219,10.079999923706055,10.279999732971191,10.15999984741211,101151620,10.15999984741211
2020-04-24,10.199999809265137,10.0,10.199999809265137,10.0,93821990,10.0
2020-04-27,10.239999771118164,10.039999961853027,10.039999961853027,10.079999923706055,85644939,10.079999923706055
2020-04-28,10.279999732971191,10.020000457763672,10.15999984741211,10.279999732971191,97064248,10.279999732971191
2020-04-29,10.34000015258789,10.15999984741211,10.279999732971191,10.199999809265137,65114874,10.199999809265137
2020-05-04,10.039999961853027,9.930000305175781,9.979999542236328,10.0,124397182,10.0
2020-05-05,10.119999885559082,9.989999771118164,10.100000381469727,10.079999923706055,64447054,10.079999923706055
2020-05-06,10.680000305175781,10.039999961853027,10.039999961853027,10.5,255864088,10.5
2020-05-07,10.5600004196167,10.359999656677246,10.420000076293945,10.359999656677246,92024565,10.359999656677246
2020-05-08,11.479999542236328,10.479999542236328,10.5,11.199999809265137,364071268,11.199999809265137
2020-05-11,11.84000015258789,11.359999656677246,11.5,11.5,219091895,11.5
2020-05-12,11.880000114440918,11.399999618530273,11.460000038146973,11.640000343322754,157421270,11.640000343322754
2020-05-13,11.899999618530273,11.5,11.640000343322754,11.819999694824219,160605331,11.819999694824219
2020-05-14,12.0,11.720000267028809,11.760000228881836,11.960000038146973,170791073,11.960000038146973
2020-05-15,12.300000190734863,11.9399995803833,12.0,11.960000038146973,151882125,11.960000038146973
2020-05-18,12.4399995803833,11.619999885559082,12.4399995803833,12.039999961853027,269250656,12.039999961853027
2020-05-19,12.819999694824219,12.100000381469727,12.399999618530273,12.65999984741211,280366420,12.65999984741211
2020-05-20,12.920000076293945,12.5,12.680000305175781,12.800000190734863,204333223,12.800000190734863
2020-05-21,13.260000228881836,12.539999961853027,12.960000038146973,12.699999809265137,410601268,12.699999809265137
2020-05-22,12.5,11.800000190734863,12.5,11.859999656677246,284503395,11.859999656677246
2020-05-25,12.300000190734863,11.539999961853027,11.720000267028809,12.260000228881836,168991873,12.260000228881836
2020-05-26,12.680000305175781,12.359999656677246,12.460000038146973,12.420000076293945,157909237,12.420000076293945
2020-05-27,12.5600004196167,11.960000038146973,12.4399995803833,12.079999923706055,137503555,12.079999923706055
2020-05-28,12.079999923706055,11.5600004196167,12.0,11.819999694824219,165177477,11.819999694824219
2020-05-29,12.100000381469727,11.65999984741211,11.800000190734863,12.020000457763672,140723266,12.020000457763672
2020-06-01,12.34000015258789,12.0600004196167,12.199999809265137,12.140000343322754,145999483,12.140000343322754
2020-06-02,12.5,11.960000038146973,12.199999809265137,12.460000038146973,176150846,12.460000038146973
2020-06-03,12.979999542236328,12.539999961853027,12.539999961853027,12.760000228881836,210591824,12.760000228881836
2020-06-04,13.0,12.520000457763672,13.0,12.65999984741211,138594400,12.65999984741211
2020-06-05,13.0600004196167,12.5600004196167,12.5600004196167,13.020000457763672,236866754,13.020000457763672
2020-06-08,13.460000038146973,12.779999732971191,13.100000381469727,12.859999656677246,279885635,12.859999656677246
2020-06-09,13.300000190734863,12.9399995803833,13.020000457763672,12.979999542236328,170873349,12.979999542236328
2020-06-10,13.180000305175781,12.920000076293945,13.0600004196167,13.140000343322754,95249882,13.140000343322754
2020-06-11,13.300000190734863,12.779999732971191,13.15999984741211,12.819999694824219,145117405,12.819999694824219
2020-06-12,12.800000190734863,12.300000190734863,12.4399995803833,12.800000190734863,147076355,12.800000190734863
2020-06-15,12.84000015258789,12.34000015258789,12.65999984741211,12.460000038146973,118541153,12.460000038146973
2020-06-16,12.979999542236328,12.699999809265137,12.800000190734863,12.899999618530273,115077649,12.899999618530273
2020-06-17,12.899999618530273,12.380000114440918,12.899999618530273,12.5,187796953,12.5
2020-06-18,12.720000267028809,12.34000015258789,12.4399995803833,12.65999984741211,127789410,12.65999984741211
2020-06-19,12.899999618530273,12.5600004196167,12.5600004196167,12.899999618530273,186367112,12.899999618530273
2020-06-22,12.960000038146973,12.520000457763672,12.760000228881836,12.5600004196167,113503823,12.5600004196167
2020-06-23,12.739999771118164,12.399999618530273,12.600000381469727,12.720000267028809,98101256,12.720000267028809
2020-06-24,13.960000038146973,12.760000228881836,12.779999732971191,13.880000114440918,541813155,13.880000114440918
2020-06-26,13.960000038146973,13.319999694824219,13.720000267028809,13.319999694824219,187425152,13.319999694824219
2020-06-29,13.460000038146973,12.899999618530273,13.300000190734863,13.0,176624198,13.0
2020-06-30,13.079999923706055,12.640000343322754,13.0,12.84000015258789,182676073,12.84000015258789
2020-07-02,13.640000343322754,12.880000114440918,12.9399995803833,13.600000381469727,224838647,13.600000381469727
2020-07-03,14.420000076293945,13.239999771118164,13.640000343322754,14.260000228881836,359435930,14.260000228881836
2020-07-06,15.0,14.300000190734863,14.4399995803833,14.979999542236328,370651597,14.979999542236328
2020-07-07,15.539999961853027,14.699999809265137,15.199999809265137,14.779999732971191,365705127,14.779999732971191
2020-07-08,16.100000381469727,14.880000114440918,14.880000114440918,16.100000381469727,336440245,16.100000381469727
2020-07-09,16.979999542236328,16.299999237060547,16.399999618530273,16.84000015258789,408893203,16.84000015258789
2020-07-10,17.5,16.420000076293945,16.84000015258789,16.8799991607666,302829638,16.8799991607666
2020-07-13,17.34000015258789,16.65999984741211,17.100000381469727,17.040000915527344,192347140,17.040000915527344
2020-07-14,16.719999313354492,15.800000190734863,16.700000762939453,16.420000076293945,293987121,16.420000076293945
2020-07-15,16.979999542236328,15.920000076293945,16.700000762939453,16.360000610351562,211083375,16.360000610351562
2020-07-16,16.360000610351562,15.039999961853027,16.31999969482422,15.079999923706055,290634851,15.079999923706055
2020-07-17,15.84000015258789,15.279999732971191,15.319999694824219,15.5,155301899,15.5
2020-07-20,16.0,15.119999885559082,15.699999809265137,15.819999694824219,162417931,15.819999694824219
2020-07-21,16.84000015258789,16.399999618530273,16.399999618530273,16.600000381469727,199690117,16.600000381469727
2020-07-22,16.760000228881836,15.640000343322754,16.420000076293945,15.640000343322754,156082490,15.640000343322754
2020-07-23,16.139999389648438,15.460000038146973,15.779999732971191,15.9399995803833,181784152,15.9399995803833
2020-07-24,15.760000228881836,15.0,15.460000038146973,15.100000381469727,204179763,15.100000381469727
2020-07-27,15.460000038146973,14.420000076293945,15.300000190734863,14.640000343322754,174246423,14.640000343322754
2020-07-28,15.119999885559082,14.65999984741211,14.899999618530273,14.859999656677246,115779167,14.859999656677246
2020-07-29,15.100000381469727,14.699999809265137,14.720000267028809,14.899999618530273,92730606,14.899999618530273
2020-07-30,15.279999732971191,14.760000228881836,15.0,14.760000228881836,134931632,14.760000228881836
2020-07-31,15.199999809265137,14.65999984741211,15.0,14.819999694824219,93828659,14.819999694824219
2020-08-03,15.260000228881836,14.579999923706055,14.9399995803833,15.020000457763672,129893003,15.020000457763672
2020-08-04,15.5600004196167,14.9399995803833,15.300000190734863,15.5,185602859,15.5
2020-08-05,15.65999984741211,15.220000267028809,15.600000381469727,15.579999923706055,94468870,15.579999923706055
2020-08-06,15.920000076293945,15.460000038146973,15.640000343322754,15.920000076293945,140678890,15.920000076293945
2020-08-07,15.920000076293945,15.0,15.899999618530273,15.4399995803833,141007404,15.4399995803833
2020-08-10,15.300000190734863,15.0,15.199999809265137,15.140000343322754,82268121,15.140000343322754
2020-08-11,15.380000114440918,14.859999656677246,15.279999732971191,15.020000457763672,80588390,15.020000457763672
2020-08-12,15.180000305175781,14.539999961853027,15.020000457763672,15.0600004196167,132800401,15.0600004196167
2020-08-13,15.479999542236328,15.140000343322754,15.260000228881836,15.199999809265137,99393377,15.199999809265137
2020-08-14,15.619999885559082,15.100000381469727,15.239999771118164,15.34000015258789,97266725,15.34000015258789
2020-08-17,16.65999984741211,15.819999694824219,16.1200008392334,16.200000762939453,303820941,16.200000762939453
2020-08-18,17.239999771118164,16.420000076293945,16.68000030517578,17.239999771118164,326483894,17.239999771118164
2020-08-19,18.34000015258789,16.799999237060547,17.200000762939453,17.81999969482422,345139291,17.81999969482422
2020-08-20,18.459999084472656,17.639999389648438,18.100000381469727,18.18000030517578,274144212,18.18000030517578
2020-08-21,18.6200008392334,17.84000015258789,18.399999618530273,18.15999984741211,205198036,18.15999984741211
2020-08-24,18.760000228881836,18.200000762939453,18.34000015258789,18.440000534057617,193050708,18.440000534057617
2020-08-25,18.6200008392334,17.860000610351562,18.5,18.1200008392334,171797942,18.1200008392334
2020-08-26,19.18000030517578,18.200000762939453,18.31999969482422,19.15999984741211,381070809,19.15999984741211
2020-08-27,21.75,19.8799991607666,19.959999084472656,21.350000381469727,558134375,21.350000381469727
2020-08-28,23.850000381469727,21.149999618530273,21.5,22.5,608706927,22.5
2020-08-31,24.299999237060547,22.700000762939453,23.350000381469727,23.5,387218776,23.5
2020-09-01,25.600000381469727,23.549999237060547,23.799999237060547,25.600000381469727,385276909,25.600000381469727
2020-09-02,26.950000762939453,24.700000762939453,26.600000381469727,25.700000762939453,442666626,25.700000762939453
2020-09-03,25.75,23.549999237060547,25.450000762939453,23.899999618530273,399246221,23.899999618530273
2020-09-04,24.950000762939453,22.0,22.149999618530273,24.5,758759875,24.5
2020-09-07,25.0,23.649999618530273,24.299999237060547,24.149999618530273,443063165,24.149999618530273
2020-09-08,24.700000762939453,21.799999237060547,24.5,22.399999618530273,348240834,22.399999618530273
2020-09-09,22.649999618530273,20.950000762939453,21.799999237060547,22.100000381469727,253198719,22.100000381469727
2020-09-10,23.299999237060547,22.299999237060547,22.5,22.450000762939453,160519149,22.450000762939453
2020-09-11,23.350000381469727,22.299999237060547,22.649999618530273,23.25,162214747,23.25
2020-09-14,23.950000762939453,22.850000381469727,23.450000762939453,23.549999237060547,130446043,23.549999237060547
2020-09-15,22.850000381469727,22.100000381469727,22.5,22.350000381469727,644588425,22.350000381469727
2020-09-16,22.850000381469727,22.25,22.450000762939453,22.75,134731396,22.75
2020-09-17,22.649999618530273,21.200000762939453,22.549999237060547,21.299999237060547,231538441,21.299999237060547
2020-09-18,22.149999618530273,21.399999618530273,21.450000762939453,22.049999237060547,156724342,22.049999237060547
2020-09-21,22.299999237060547,20.600000381469727,22.200000762939453,20.600000381469727,187317195,20.600000381469727
2020-09-22,21.25,20.299999237060547,20.649999618530273,20.450000762939453,129288851,20.450000762939453
2020-09-23,21.100000381469727,20.450000762939453,20.649999618530273,20.850000381469727,101052347,20.850000381469727
2020-09-24,20.549999237060547,19.799999237060547,20.549999237060547,19.84000015258789,170832138,19.84000015258789
2020-09-25,20.299999237060547,19.399999618530273,20.149999618530273,19.719999313354492,136205279,19.719999313354492
2020-09-28,20.799999237060547,19.940000534057617,20.100000381469727,20.200000762939453,124411418,20.200000762939453
2020-09-29,20.799999237060547,20.0,20.799999237060547,20.049999237060547,89582316,20.049999237060547
2020-09-30,21.149999618530273,20.149999618530273,20.5,20.450000762939453,90010677,20.450000762939453
2020-10-05,21.149999618530273,20.25,21.100000381469727,20.799999237060547,70176501,20.799999237060547
2020-10-06,21.700000762939453,20.950000762939453,21.049999237060547,21.399999618530273,100924903,21.399999618530273
2020-10-07,21.799999237060547,20.899999618530273,21.399999618530273,21.700000762939453,79640419,21.700000762939453
2020-10-08,21.600000381469727,20.299999237060547,21.5,20.850000381469727,194565470,20.850000381469727
2020-10-09,21.450000762939453,20.850000381469727,21.299999237060547,20.950000762939453,115791835,20.950000762939453
2020-10-12,22.75,21.0,21.0,22.700000762939453,242412550,22.700000762939453
2020-10-14,23.25,22.149999618530273,22.899999618530273,23.25,209878991,23.25
2020-10-15,23.549999237060547,22.299999237060547,23.0,22.450000762939453,142249601,22.450000762939453
2020-10-16,23.5,22.600000381469727,22.649999618530273,23.149999618530273,130955995,23.149999618530273
2020-10-19,23.899999618530273,22.149999618530273,23.5,22.200000762939453,151731427,22.200000762939453
2020-10-20,22.649999618530273,21.75,22.100000381469727,22.200000762939453,92835745,22.200000762939453
2020-10-21,22.950000762939453,22.399999618530273,22.75,22.399999618530273,97681450,22.399999618530273
2020-10-22,22.700000762939453,21.850000381469727,22.350000381469727,22.350000381469727,77702113,22.350000381469727
2020-10-23,22.549999237060547,21.549999237060547,22.350000381469727,21.850000381469727,89578040,21.850000381469727
2020-10-27,21.799999237060547,21.0,21.25,21.100000381469727,135274965,21.100000381469727
2020-10-28,21.950000762939453,20.950000762939453,21.200000762939453,21.399999618530273,121067243,21.399999618530273
2020-10-29,22.200000762939453,20.75,20.950000762939453,21.799999237060547,121019750,21.799999237060547
2020-10-30,23.100000381469727,21.899999618530273,22.299999237060547,22.0,257486304,22.0
2020-11-02,22.5,21.450000762939453,22.200000762939453,22.100000381469727,139921666,22.100000381469727
2020-11-03,23.0,22.200000762939453,22.399999618530273,22.200000762939453,136541260,22.200000762939453
2020-11-04,24.450000762939453,21.899999618530273,22.200000762939453,23.950000762939453,373003396,23.950000762939453
2020-11-05,24.950000762939453,23.549999237060547,24.700000762939453,24.25,252325220,24.25
2020-11-06,25.450000762939453,24.0,24.399999618530273,25.100000381469727,255179544,25.100000381469727
2020-11-09,26.700000762939453,25.299999237060547,25.700000762939453,25.549999237060547,279888410,25.549999237060547
2020-11-10,25.299999237060547,23.799999237060547,25.200000762939453,24.450000762939453,226936331,24.450000762939453
2020-11-11,24.350000381469727,22.299999237060547,23.899999618530273,22.450000762939453,253065768,22.450000762939453
2020-11-12,24.0,22.950000762939453,23.25,23.25,140980555,23.25
2020-11-13,24.700000762939453,23.149999618530273,23.299999237060547,24.25,167273056,24.25
2020-11-16,25.25,24.450000762939453,24.75,25.200000762939453,146391550,25.200000762939453
2020-11-17,25.149999618530273,23.649999618530273,25.149999618530273,24.100000381469727,170353185,24.100000381469727
2020-11-18,24.600000381469727,23.649999618530273,24.299999237060547,24.0,109546725,24.0
2020-11-19,25.399999618530273,23.450000762939453,23.700000762939453,25.200000762939453,204024563,25.200000762939453
2020-11-20,26.149999618530273,25.100000381469727,25.25,25.549999237060547,218433915,25.549999237060547
2020-11-23,27.799999237060547,25.899999618530273,26.0,27.600000381469727,359170323,27.600000381469727
2020-11-24,28.399999618530273,26.450000762939453,28.399999618530273,27.149999618530273,286879879,27.149999618530273
2020-11-25,27.600000381469727,25.700000762939453,26.5,26.149999618530273,325589500,26.149999618530273
2020-11-26,26.950000762939453,25.850000381469727,26.200000762939453,26.600000381469727,143327836,26.600000381469727
2020-11-27,26.700000762939453,25.899999618530273,26.600000381469727,26.049999237060547,120578792,26.049999237060547
2020-11-30,26.899999618530273,25.299999237060547,26.0,26.5,247554834,26.5
2020-12-01,26.799999237060547,25.799999237060547,26.75,26.149999618530273,127771101,26.149999618530273
2020-12-02,24.799999237060547,23.100000381469727,23.75,24.299999237060547,1575804048,24.299999237060547
2020-12-03,25.5,24.450000762939453,24.649999618530273,25.299999237060547,269780521,25.299999237060547
2020-12-04,25.799999237060547,24.75,25.350000381469727,25.350000381469727,170605853,25.350000381469727
2020-12-07,25.799999237060547,24.799999237060547,25.649999618530273,25.149999618530273,134779278,25.149999618530273
2020-12-08,27.0,24.899999618530273,25.25,26.350000381469727,248170361,26.350000381469727
2020-12-09,28.100000381469727,26.649999618530273,26.700000762939453,27.5,286080978,27.5
2020-12-10,28.200000762939453,27.100000381469727,27.299999237060547,27.600000381469727,191064477,27.600000381469727
2020-12-11,28.799999237060547,27.399999618530273,28.0,27.549999237060547,195337517,27.549999237060547
2020-12-14,29.5,27.700000762939453,27.799999237060547,29.200000762939453,301184845,29.200000762939453
2020-12-15,29.950000762939453,28.5,29.299999237060547,29.549999237060547,334331010,29.549999237060547
2020-12-16,29.950000762939453,28.75,29.950000762939453,29.299999237060547,163932407,29.299999237060547
2020-12-17,29.700000762939453,29.0,29.450000762939453,29.299999237060547,102151448,29.299999237060547
2020-12-18,29.600000381469727,28.549999237060547,29.399999618530273,28.799999237060547,142523324,28.799999237060547
2020-12-21,30.299999237060547,28.549999237060547,28.799999237060547,29.299999237060547,260104439,29.299999237060547
2020-12-22,30.100000381469727,29.299999237060547,29.450000762939453,29.649999618530273,142023721,29.649999618530273
2020-12-23,32.349998474121094,29.649999618530273,29.700000762939453,31.899999618530273,331964181,31.899999618530273
2020-12-24,32.45000076293945,32.45000076293945,32.45000076293945,32.45000076293945,0,32.45000076293945
2020-12-28,33.75,30.899999618530273,32.70000076293945,31.149999618530273,306895516,31.149999618530273
2020-12-29,33.20000076293945,31.799999237060547,32.099998474121094,32.79999923706055,192339645,32.79999923706055
2020-12-30,33.29999923706055,32.29999923706055,32.75,32.95000076293945,152925324,32.95000076293945
2020-12-31,33.04999923706055,33.04999923706055,33.04999923706055,33.04999923706055,0,33.04999923706055
2021-01-04,35.400001525878906,33.25,33.599998474121094,35.25,231688252,35.25
2021-01-05,35.900001525878906,34.349998474121094,35.20000076293945,35.29999923706055,172278597,35.29999923706055
2021-01-06,35.70000076293945,32.79999923706055,35.70000076293945,33.900001525878906,331793083,33.900001525878906
2021-01-07,34.150001525878906,31.350000381469727,34.04999923706055,32.0,342464287,32.0
2021-01-08,33.400001525878906,31.549999237060547,32.29999923706055,31.950000762939453,228942527,31.950000762939453
2021-01-11,33.0,31.649999618530273,32.75,32.04999923706055,170990419,32.04999923706055
2021-01-12,33.75,32.25,32.5,33.45000076293945,173462421,33.45000076293945
2021-01-13,34.0,32.400001525878906,33.54999923706055,33.0,120265263,33.0
2021-01-14,33.650001525878906,32.29999923706055,33.29999923706055,32.650001525878906,122585978,32.650001525878906
2021-01-15,30.5,28.200000762939453,29.0,29.299999237060547,1149252510,29.299999237060547
2021-01-18,30.450000762939453,28.5,29.0,29.899999618530273,526128762,29.899999618530273
2021-01-19,32.5,30.450000762939453,30.5,31.399999618530273,471392879,31.399999618530273
2021-01-20,32.20000076293945,31.0,31.399999618530273,31.950000762939453,271137215,31.950000762939453
2021-01-21,31.899999618530273,30.799999237060547,31.5,30.950000762939453,268890146,30.950000762939453
2021-01-22,31.049999237060547,29.450000762939453,30.700000762939453,29.799999237060547,302774167,29.799999237060547
2021-01-25,31.0,29.149999618530273,29.450000762939453,30.549999237060547,283539692,30.549999237060547
2021-01-26,31.549999237060547,29.799999237060547,30.25,30.399999618530273,211705489,30.399999618530273
2021-01-27,31.25,29.549999237060547,30.649999618530273,29.549999237060547,208378417,29.549999237060547
2021-01-28,30.399999618530273,29.0,29.100000381469727,29.299999237060547,223678673,29.299999237060547
2021-01-29,30.700000762939453,29.200000762939453,30.0,29.200000762939453,171151880,29.200000762939453
2021-02-01,30.100000381469727,29.200000762939453,29.75,29.799999237060547,164273096,29.799999237060547
2021-02-02,31.0,29.600000381469727,30.5,29.700000762939453,231036552,29.700000762939453
2021-02-03,29.950000762939453,28.700000762939453,29.799999237060547,28.950000762939453,229071847,28.950000762939453
2021-02-04,28.75,26.399999618530273,28.5,27.549999237060547,450856235,27.549999237060547
2021-02-05,28.0,26.100000381469727,27.600000381469727,27.200000762939453,325320058,27.200000762939453
2021-02-08,28.0,26.700000762939453,27.049999237060547,27.149999618530273,169848518,27.149999618530273
2021-02-09,27.700000762939453,27.049999237060547,27.25,27.299999237060547,94000947,27.299999237060547
2021-02-10,27.899999618530273,27.200000762939453,27.799999237060547,27.450000762939453,136094058,27.450000762939453
2021-02-11,28.0,28.0,28.0,28.0,0,28.0
2021-02-16,29.700000762939453,28.399999618530273,28.450000762939453,29.549999237060547,191211054,29.549999237060547
2021-02-17,29.799999237060547,29.049999237060547,29.25,29.5,110310959,29.5
2021-02-18,30.149999618530273,28.600000381469727,29.850000381469727,28.799999237060547,212077811,28.799999237060547
2021-02-19,32.29999923706055,27.5,28.799999237060547,30.649999618530273,450838518,30.649999618530273
2021-02-22,31.299999237060547,28.700000762939453,31.200000762939453,29.0,409368473,29.0
2021-02-23,28.649999618530273,27.899999618530273,28.149999618530273,28.100000381469727,209412749,28.100000381469727
2021-02-24,28.75,26.200000762939453,28.200000762939453,26.850000381469727,330953224,26.850000381469727
2021-02-25,27.549999237060547,26.5,27.399999618530273,26.850000381469727,182489646,26.850000381469727
2021-02-26,26.25,25.149999618530273,25.950000762939453,25.299999237060547,331792380,25.299999237060547
2021-03-01,26.299999237060547,25.700000762939453,25.700000762939453,25.799999237060547,133323246,25.799999237060547
2021-03-02,27.0,25.899999618530273,26.200000762939453,26.049999237060547,176144747,26.049999237060547
2021-03-03,26.850000381469727,25.850000381469727,26.350000381469727,26.450000762939453,112931947,26.450000762939453
2021-03-04,26.049999237060547,25.25,25.850000381469727,25.399999618530273,155679812,25.399999618530273
2021-03-05,25.299999237060547,23.700000762939453,24.5,24.450000762939453,290025969,24.450000762939453
2021-03-08,24.200000762939453,22.100000381469727,23.899999618530273,22.350000381469727,457667695,22.350000381469727
2021-03-09,22.850000381469727,20.649999618530273,21.799999237060547,21.950000762939453,436307145,21.950000762939453
2021-03-10,22.799999237060547,21.600000381469727,22.75,21.799999237060547,246891368,21.799999237060547
2021-03-11,22.649999618530273,21.25,21.5,21.850000381469727,730428783,21.850000381469727
2021-03-12,24.0,22.75,22.899999618530273,22.75,609797203,22.75
2021-03-15,25.5,24.049999237060547,24.75,24.350000381469727,545252452,24.350000381469727
2021-03-16,26.450000762939453,25.200000762939453,25.299999237060547,26.299999237060547,373784725,26.299999237060547
2021-03-17,26.899999618530273,25.649999618530273,26.350000381469727,26.25,179388497,26.25
2021-03-18,27.049999237060547,26.149999618530273,26.75,26.200000762939453,152415537,26.200000762939453
2021-03-19,27.100000381469727,25.549999237060547,25.799999237060547,26.25,237278094,26.25
2021-03-22,27.350000381469727,26.399999618530273,26.75,26.75,181925146,26.75
2021-03-23,27.0,25.25,27.0,25.649999618530273,205953838,25.649999618530273
2021-03-24,25.950000762939453,24.5,25.75,25.0,186422284,25.0
2021-03-25,24.350000381469727,22.799999237060547,23.850000381469727,23.899999618530273,267084087,23.899999618530273
2021-03-26,26.149999618530273,24.100000381469727,24.200000762939453,25.399999618530273,329482838,25.399999618530273
2021-03-29,25.899999618530273,24.899999618530273,25.450000762939453,25.049999237060547,179420095,25.049999237060547
2021-03-30,25.649999618530273,24.850000381469727,25.5,25.600000381469727,161314876,25.600000381469727
2021-03-31,27.149999618530273,25.450000762939453,26.25,25.75,383276821,25.75
2021-04-01,26.549999237060547,25.899999618530273,26.299999237060547,26.450000762939453,204188863,26.450000762939453
